<?xml version="1.0" encoding="UTF-8"?>
<project-private xmlns="http://www.netbeans.org/ns/project-private/1">
    <editor-bookmarks xmlns="http://www.netbeans.org/ns/editor-bookmarks/2" lastBookmarkId="0"/>
    <open-files xmlns="http://www.netbeans.org/ns/projectui-open-files/2">
        <group>
            <file>file:/E:/روايات/mvcchat/chat/src/databaseclient/SecondDocument.fxml</file>
            <file>file:/E:/روايات/mvcchat/chat/src/databaseclient/Chat.java</file>
            <file>file:/E:/روايات/mvcchat/chat/src/databaseclient/View.java</file>
            <file>file:/E:/روايات/mvcchat/chat/src/databaseclient/FirstController.java</file>
        </group>
    </open-files>
</project-private>
